 usersessionid | adcount 
         26952 |      17
         26396 |      17
         28577 |      17
         26714 |      17
         26441 |      16
         26409 |      16
         20555 |      16
         26552 |      15
         26890 |      15
         26918 |      15
         20860 |      15
         20824 |      15
         16043 |      15
         26681 |      15
         16017 |      14
         26534 |      14
         21293 |      14
         26472 |      14
         20872 |      14
         20829 |      14
         26943 |      14
         26650 |      14
         26788 |      14
         20669 |      14
         16198 |      14
         29391 |      14
         26631 |      14
         26521 |      14
         26762 |      14
         30265 |      14
         26757 |      14
         27352 |      14
         26870 |      14
         26689 |      14
         15880 |      14
         20624 |      13
         26597 |      13
         34707 |      13
         26897 |      13
         26392 |      13
         20915 |      13
         26843 |      13
         26634 |      13
         20754 |      13
         20765 |      13
         20948 |      13
         20684 |      13
         20794 |      13
         26511 |      13
         22506 |      13
         20995 |      13
         33439 |      13
         31244 |      13
         26853 |      13
         31241 |      13
         26586 |      13
         23268 |      13
         31616 |      13
         26851 |      13
         26675 |      13
         26537 |      13
         29197 |      13
         26456 |      13
         15960 |      12
          9974 |      12
         28618 |      12
         26941 |      12
         28575 |      12
         20910 |      12
         32027 |      12
         20702 |      12
         31092 |      12
         26592 |      12
         34773 |      12
         26802 |      12
         26605 |      12
         26622 |      12
         21276 |      12
         26726 |      12
         24349 |      12
         12641 |      12
         26758 |      12
         26755 |      12
         20611 |      12
         26495 |      12
         20598 |      12
         20650 |      12
         29397 |      12
         20719 |      12
         26673 |      12
         26579 |      12
         27361 |      12
         12753 |      12
         28400 |      12
         16207 |      12
         34764 |      12
         28929 |      12
         26544 |      12
         26692 |      12
         20775 |      12
         20697 |      12
         26391 |      12
         26716 |      12
         26905 |      12
         29521 |      12
         26532 |      12
         31087 |      12
         26410 |      12
         29400 |      12
         20810 |      12
         12418 |      12
         20879 |      12
         26919 |      12
         12519 |      11
         20766 |      11
         14553 |      11
         26536 |      11
         34275 |      11
         27795 |      11
         26649 |      11
         21275 |      11
         33186 |      11
         26786 |      11
         26708 |      11
         26792 |      11
         26945 |      11
         34195 |      11
         26712 |      11
         26879 |      11
         26463 |      11
         31970 |      11
         34682 |      11
         26430 |      11
         26653 |      11
         26860 |      11
         26488 |      11
         26526 |      11
         34538 |      11
         26924 |      11
         26702 |      11
         21002 |      11
         27353 |      11
         15933 |      11
         16052 |      11
         20527 |      11
         20876 |      11
         20837 |      11
         16136 |      11
         26477 |      11
         20546 |      11
         20788 |      11
         20671 |      11
         33063 |      11
         30227 |      11
         20680 |      11
         26705 |      11
         29200 |      11
         26375 |      11
         32024 |      11
         26479 |      11
         32493 |      11
         16205 |      11
         28839 |      11
         26448 |      11
         16210 |      11
         12427 |      11
         20017 |      11
         27174 |      11
         16050 |      11
         27985 |      11
         20712 |      11
         34391 |      11
         26800 |      11
         26912 |      11
         26478 |      11
         27915 |      11
         26833 |      11
          9865 |      11
         20962 |      11
         16122 |      11
         26929 |      11
         20882 |      11
         15832 |      11
         23196 |      11
         20887 |      11
         16239 |      11
         20726 |      11
         26548 |      11
         12330 |      11
          9817 |      11
         16091 |      11
         15903 |      11
         23994 |      11
         31239 |      11
         26902 |      11
         26764 |      11
         26465 |      11
         26821 |      11
         26415 |      11
         20592 |      11
         26473 |      11
         32023 |      11
         26671 |      11
         16055 |      10
         20728 |      10
         20805 |      10
         34260 |      10
         26826 |      10
         20996 |      10
         26814 |      10
         34558 |      10
         26401 |      10
         34181 |      10
         16243 |      10
         26627 |      10
         16133 |      10
         26864 |      10
         16063 |      10
         16011 |      10
         25313 |      10
         34171 |      10
         26951 |      10
         20591 |      10
         29169 |      10
         20806 |      10
         33326 |      10
         26737 |      10
         26852 |      10
         16104 |      10
         15962 |      10
         34760 |      10
         27173 |      10
         15861 |      10
         26927 |      10
         26527 |      10
         20982 |      10
         26626 |      10
         26520 |      10
         34375 |      10
         20911 |      10
         32495 |      10
         15807 |      10
         16066 |      10
         26522 |      10
         16073 |      10
         34489 |      10
         26894 |      10
          7708 |      10
         26729 |      10
         20800 |      10
         34446 |      10
         26530 |      10
         26638 |      10
         20735 |      10
         16203 |      10
         16150 |      10
         26696 |      10
         20642 |      10
         31618 |      10
         20888 |      10
         34359 |      10
          9792 |      10
         21615 |      10
         26498 |      10
         15988 |      10
         20683 |      10
         34560 |      10
         18375 |      10
         20820 |      10
         26404 |      10
         20847 |      10
         30984 |      10
         10013 |      10
         29126 |      10
         12328 |      10
         26643 |      10
         34317 |      10
         16152 |      10
         31620 |      10
         20994 |      10
         16081 |      10
         26938 |      10
         20804 |      10
         26782 |      10
         34831 |      10
         26559 |      10
         23192 |      10
         26680 |      10
         26567 |      10
         33436 |      10
         26554 |      10
         12362 |      10
         27195 |      10
         20823 |      10
         26866 |      10
         26547 |      10
         26607 |      10
         15931 |      10
         20874 |      10
         20977 |      10
         20747 |      10
         12570 |      10
         26609 |      10
         34200 |      10
         26686 |      10
         20576 |      10
         26550 |      10
         21008 |      10
          7647 |      10
         36243 |      10
         26619 |      10
         16177 |      10
         20877 |      10
         34737 |      10
         26874 |      10
         20137 |      10
         26515 |      10
         15970 |      10
         25860 |      10
         34626 |      10
         26381 |      10
         21026 |      10
         34727 |      10
         26422 |      10
         26914 |      10
         20949 |      10
         20621 |      10
         26698 |       9
         26433 |       9
         34550 |       9
          7610 |       9
         20778 |       9
         16154 |       9
         12547 |       9
         34706 |       9
         26444 |       9
         13512 |       9
          9880 |       9
         16226 |       9
         26385 |       9
         20756 |       9
         26869 |       9
         34405 |       9
          9718 |       9
         34285 |       9
         21498 |       9
         19141 |       9
         26857 |       9
         21025 |       9
         26421 |       9
         16221 |       9
          7542 |       9
          7696 |       9
         22201 |       9
         20679 |       9
         20564 |       9
         28579 |       9
         16121 |       9
         15941 |       9
         16516 |       9
         15806 |       9
         26920 |       9
         20861 |       9
         23780 |       9
         26731 |       9
         26772 |       9
         26566 |       9
         20818 |       9
         15900 |       9
         20752 |       9
         26570 |       9
         29103 |       9
         16112 |       9
         35315 |       9
         29963 |       9
         28581 |       9
         24783 |       9
         26947 |       9
         33441 |       9
         23881 |       9
         14554 |       9
         23264 |       9
         15983 |       9
         26796 |       9
         15873 |       9
          9785 |       9
         16185 |       9
         26849 |       9
         13837 |       9
         16232 |       9
         12355 |       9
         16036 |       9
         31242 |       9
         20664 |       9
         16235 |       9
         12660 |       9
         26618 |       9
         16411 |       9
         12450 |       9
         20783 |       9
         24499 |       9
         34431 |       9
         16046 |       9
         16168 |       9
         26778 |       9
         27914 |       9
         26654 |       9
         10034 |       9
         15917 |       9
         27880 |       9
         35262 |       9
         34342 |       9
         26804 |       9
         34592 |       9
         34467 |       9
         26931 |       9
         34697 |       9
         15974 |       9
         18374 |       9
         20699 |       9
         34758 |       9
         29697 |       9
         15895 |       9
         21210 |       9
          9734 |       9
         20954 |       9
         20941 |       9
         26666 |       9
         12533 |       9
         22487 |       9
         26645 |       9
         30230 |       9
         26900 |       9
         26427 |       9
         21179 |       9
         26412 |       9
         23506 |       9
         20538 |       9
         20751 |       9
         15886 |       9
         26824 |       9
         20833 |       9
         18376 |       9
         26829 |       9
         29816 |       9
         26561 |       9
         22298 |       9
         26565 |       9
         34315 |       9
         20868 |       9
         21012 |       9
         34462 |       9
          7759 |       9
         16215 |       9
         10019 |       9
         34787 |       9
         26767 |       9
         27845 |       9
         26557 |       9
         16155 |       9
         26470 |       9
         26727 |       9
         15824 |       9
         27172 |       9
         21283 |       9
         16098 |       9
         20643 |       9
         28218 |       9
         27486 |       9
         20790 |       9
         21017 |       9
         29165 |       9
          7732 |       9
         26450 |       9
         34316 |       9
         30990 |       9
         31968 |       9
         26703 |       9
         24732 |       9
         20722 |       9
         20865 |       9
         22200 |       9
         27191 |       9
         20923 |       9
         26930 |       9
         15882 |       9
         20893 |       9
         20725 |       9
         12514 |       9
         26383 |       9
         26827 |       9
         29406 |       9
         26604 |       9
         34337 |       9
          5940 |       9
         20762 |       9
         34460 |       9
          9772 |       9
         26431 |       9
         26695 |       9
         12436 |       9
         16035 |       9
         29612 |       9
         26795 |       9
         12558 |       9
         35116 |       8
         32582 |       8
         34458 |       8
          9705 |       8
         34326 |       8
         12401 |       8
         12408 |       8
         26878 |       8
         15821 |       8
         15942 |       8
         34261 |       8
         26531 |       8
         19742 |       8
         34547 |       8
         33127 |       8
         12443 |       8
         15838 |       8
         34477 |       8
         33541 |       8
         26741 |       8
         20572 |       8
         20361 |       8
         34364 |       8
         12392 |       8
         17157 |       8
         12347 |       8
         20599 |       8
         20657 |       8
         26635 |       8
         26668 |       8
         12579 |       8
         20584 |       8
         34512 |       8
         33191 |       8
         26763 |       8
         26560 |       8
         34163 |       8
         26628 |       8
         26442 |       8
         33357 |       8
         26836 |       8
         16113 |       8
         16237 |       8
         34372 |       8
         34217 |       8
         30244 |       8
         15904 |       8
         12661 |       8
         33364 |       8
         12352 |       8
         19601 |       8
         15088 |       8
         16515 |       8
          9842 |       8
         25316 |       8
         10038 |       8
         23811 |       8
         23274 |       8
         16105 |       8
         20929 |       8
         20741 |       8
         20944 |       8
         34312 |       8
         26813 |       8
         12364 |       8
         34705 |       8
         20625 |       8
          9820 |       8
         26699 |       8
         29614 |       8
         20656 |       8
         23697 |       8
         15934 |       8
         15846 |       8
          9791 |       8
         26599 |       8
         34366 |       8
          9893 |       8
         20644 |       8
         29524 |       8
         18110 |       8
         20729 |       8
         26501 |       8
         15871 |       8
          7765 |       8
         12633 |       8
         23276 |       8
         36348 |       8
         34561 |       8
         16447 |       8
          9827 |       8
         31093 |       8
         16245 |       8
         20670 |       8
         31621 |       8
         29168 |       8
         29082 |       8
         29401 |       8
         26968 |       8
         26717 |       8
         12576 |       8
         26783 |       8
         16071 |       8
         15851 |       8
         12692 |       8
         26655 |       8
         26616 |       8
         12334 |       8
         12203 |       8
         17605 |       8
         15795 |       8
         12345 |       8
         15866 |       8
         12698 |       8
         34702 |       8
         26573 |       8
         36633 |       8
         12482 |       8
         16004 |       8
         12650 |       8
         16200 |       8
         26424 |       8
         26970 |       8
         12333 |       8
         18027 |       8
         12341 |       8
         20945 |       8
         20667 |       8
         21018 |       8
         26656 |       8
         25289 |       8
         35570 |       8
         20685 |       8
         12444 |       8
         26508 |       8
         15957 |       8
         12684 |       8
         22504 |       8
         26718 |       8
         20672 |       8
         16069 |       8
         25318 |       8
         26811 |       8
         27451 |       8
         20758 |       8
         27925 |       8
         20780 |       8
         35259 |       8
         20950 |       8
         26457 |       8
         26595 |       8
         10048 |       8
         26834 |       8
         26710 |       8
         26491 |       8
         16179 |       8
         15912 |       8
         16827 |       8
         34565 |       8
         23482 |       8
         16195 |       8
         34805 |       8
         20686 |       8
         20575 |       8
         34292 |       8
         26877 |       8
         12629 |       8
         20135 |       8
         34190 |       8
          9844 |       8
         16147 |       8
         26647 |       8
         20602 |       8
         29105 |       8
         28629 |       8
         20798 |       8
         35261 |       8
         34196 |       8
         20854 |       8
          5829 |       8
         20921 |       8
         20869 |       8
         32583 |       8
         29417 |       8
         34356 |       8
         26423 |       8
         33200 |       8
         18372 |       8
         21014 |       8
         20960 |       8
         35576 |       8
         12481 |       8
         20550 |       8
         26721 |       8
         24346 |       8
         21010 |       8
         25814 |       8
         16186 |       8
         15918 |       8
         34410 |       8
         20830 |       8
         26746 |       8
         21020 |       8
         29398 |       8
         34498 |       8
         32431 |       8
         34809 |       8
         34287 |       8
          9960 |       8
         20609 |       8
         35964 |       8
         20526 |       8
         16380 |       8
         20691 |       8
         26394 |       8
         34711 |       8
         31622 |       8
         34229 |       8
         20554 |       8
         12489 |       8
         26546 |       8
         12683 |       8
         20815 |       8
         15950 |       8
         20690 |       8
         29830 |       8
         34703 |       8
         34254 |       8
         34775 |       8
          9864 |       8
         33798 |       8
         15939 |       8
         20938 |       8
         26516 |       8
         16001 |       8
          9994 |       8
         26949 |       8
         29127 |       8
         16514 |       8
         20755 |       8
         26898 |       8
         20961 |       8
          9889 |       8
         15943 |       8
         33188 |       8
         12440 |       7
         23278 |       7
         26946 |       7
          5747 |       7
         16051 |       7
         15820 |       7
         27301 |       7
         34541 |       7
         19955 |       7
         35312 |       7
         25287 |       7
         34663 |       7
         27298 |       7
         16049 |       7
         20362 |       7
         34389 |       7
         27354 |       7
         20767 |       7
         26865 |       7
         21434 |       7
         34777 |       7
         26910 |       7
         33308 |       7
         34290 |       7
         12718 |       7
         34436 |       7
         34206 |       7
         34219 |       7
          7526 |       7
         20556 |       7
         12351 |       7
         26523 |       7
         33184 |       7
         34424 |       7
         15837 |       7
         20552 |       7
         12353 |       7
         20757 |       7
         20973 |       7
          9972 |       7
         12339 |       7
         34430 |       7
         26713 |       7
         26915 |       7
         34637 |       7
         20811 |       7
         26462 |       7
         20779 |       7
         17205 |       7
          5735 |       7
         12394 |       7
         26670 |       7
         16412 |       7
         34648 |       7
         25314 |       7
         15979 |       7
         16242 |       7
         16884 |       7
         16702 |       7
         16166 |       7
         15968 |       7
         34603 |       7
         26500 |       7
         16103 |       7
         16056 |       7
         23265 |       7
         20731 |       7
         24030 |       7
         20902 |       7
         34778 |       7
         28875 |       7
         29128 |       7
         29405 |       7
         12546 |       7
         34493 |       7
         34536 |       7
         26591 |       7
         27919 |       7
         34954 |       7
         15913 |       7
         16044 |       7
         33192 |       7
         34353 |       7
         20899 |       7
         28154 |       7
         12697 |       7
         16010 |       7
         20821 |       7
         16764 |       7
         23995 |       7
         12549 |       7
         20647 |       7
         33802 |       7
         17557 |       7
         26614 |       7
         34184 |       7
         16219 |       7
         22137 |       7
         32549 |       7
         34822 |       7
         15808 |       7
         26839 |       7
         20551 |       7
         34549 |       7
         34770 |       7
         16665 |       7
         33362 |       7
         12422 |       7
         20558 |       7
         34237 |       7
         26639 |       7
         34476 |       7
         12569 |       7
         33060 |       7
         20015 |       7
         15840 |       7
         15823 |       7
         15928 |       7
         12463 |       7
         34818 |       7
         23864 |       7
         29535 |       7
         15935 |       7
         20678 |       7
         21140 |       7
         12630 |       7
         23279 |       7
         20652 |       7
         34442 |       7
         20875 |       7
         26707 |       7
         21866 |       7
         20709 |       7
         12358 |       7
         20528 |       7
          9925 |       7
         16030 |       7
         26612 |       7
         19693 |       7
         33873 |       7
         20637 |       7
         20574 |       7
         34729 |       7
         16666 |       7
         18993 |       7
         34811 |       7
         33123 |       7
         16062 |       7
         19283 |       7
         18995 |       7
         21274 |       7
         12404 |       7
         15815 |       7
         26753 |       7
          9757 |       7
         27851 |       7
         12699 |       7
         15916 |       7
          7664 |       7
         20542 |       7
         26754 |       7
         20615 |       7
         27033 |       7
         34733 |       7
         16270 |       7
         26549 |       7
         28435 |       7
         16256 |       7
          7829 |       7
         34327 |       7
         20545 |       7
         26724 |       7
         12611 |       7
          9768 |       7
         12701 |       7
         26524 |       7
         16006 |       7
         16134 |       7
         27487 |       7
         34800 |       7
          7855 |       7
         16151 |       7
         34262 |       7
         22014 |       7
         23463 |       7
         20633 |       7
         26553 |       7
         34528 |       7
         34715 |       7
         21448 |       7
         28843 |       7
          9862 |       7
         26901 |       7
         34324 |       7
         12399 |       7
         26916 |       7
         26581 |       7
          9858 |       7
         34650 |       7
         16224 |       7
         20530 |       7
         26784 |       7
         12694 |       7
         15921 |       7
         12475 |       7
         17853 |       7
         12512 |       7
         16214 |       7
         34192 |       7
         33801 |       7
         26493 |       7
         25440 |       7
         34479 |       7
         26413 |       7
         26810 |       7
         12719 |       7
         26872 |       7
         34333 |       7
         34193 |       7
         20698 |       7
         10016 |       7
         34813 |       7
         34265 |       7
          7694 |       7
         24644 |       7
         26664 |       7
         21838 |       7
         34598 |       7
         20562 |       7
         30986 |       7
         12381 |       7
         20521 |       7
         26917 |       7
         12671 |       7
         16000 |       7
         34675 |       7
         26439 |       7
         26502 |       7
         20704 |       7
         29198 |       7
         15966 |       7
          9702 |       7
         15975 |       7
         34474 |       7
         16009 |       7
         20649 |       7
         27375 |       7
         21408 |       7
         21021 |       7
         19844 |       7
         12643 |       7
         12695 |       7
         15827 |       7
         27374 |       7
         16712 |       7
         20641 |       7
         16028 |       7
         26584 |       7
          7548 |       7
         26572 |       7
         15813 |       7
         20618 |       7
         34246 |       7
         20796 |       7
         20710 |       7
         26476 |       7
         34278 |       7
         20638 |       7
         26780 |       7
         22128 |       7
         12708 |       7
         26822 |       7
         26642 |       7
         26419 |       7
         35162 |       7
         16149 |       7
          9938 |       7
         27912 |       7
         34714 |       7
         12668 |       7
         15907 |       7
         25862 |       7
          9907 |       7
         31294 |       7
         34340 |       7
         26791 |       7
         34597 |       7
         26895 |       7
         30329 |       7
         34492 |       7
         20864 |       7
         26665 |       7
         15852 |       7
         34622 |       7
         12560 |       7
         20776 |       7
         18013 |       7
         12356 |       7
         34240 |       7
         35260 |       6
         37035 |       6
         28185 |       6
         34542 |       6
          7769 |       6
         34619 |       6
          9505 |       6
         16227 |       6
         22012 |       6
         34680 |       6
          7589 |       6
         20835 |       6
         34382 |       6
         34271 |       6
         34590 |       6
         16213 |       6
         20570 |       6
          9961 |       6
         12602 |       6
         18378 |       6
         28184 |       6
          7672 |       6
         34409 |       6
         28616 |       6
         32104 |       6
          5835 |       6
         17044 |       6
         34269 |       6
          9696 |       6
         26781 |       6
         20988 |       6
         25858 |       6
          7813 |       6
         34354 |       6
         33702 |       6
         34201 |       6
          7609 |       6
         24486 |       6
         12614 |       6
          7605 |       6
         16240 |       6
         26892 |       6
         15855 |       6
          8282 |       6
         18014 |       6
         34169 |       6
         16238 |       6
         26428 |       6
         12385 |       6
         12691 |       6
         16127 |       6
         26734 |       6
         34294 |       6
         17680 |       6
         16171 |       6
         17326 |       6
         23693 |       6
         30917 |       6
         33198 |       6
          5844 |       6
         34330 |       6
         21019 |       6
         18997 |       6
         34272 |       6
         20934 |       6
         34215 |       6
         12516 |       6
         24707 |       6
          9888 |       6
         12503 |       6
          9877 |       6
          7567 |       6
         20646 |       6
         16008 |       6
         14023 |       6
         26564 |       6
         32581 |       6
         20832 |       6
         13778 |       6
         34373 |       6
         36884 |       6
         36889 |       6
          9881 |       6
         26069 |       6
         12619 |       6
         16212 |       6
         13410 |       6
         26709 |       6
         29232 |       6
         20666 |       6
         15020 |       6
         16199 |       6
         24485 |       6
         34794 |       6
         36714 |       6
         34503 |       6
         20993 |       6
         15867 |       6
         20903 |       6
         12517 |       6
         34751 |       6
          9866 |       6
         30226 |       6
         34723 |       6
         23270 |       6
         20843 |       6
         16182 |       6
         15977 |       6
         34297 |       6
         16060 |       6
         29754 |       6
         34497 |       6
         34573 |       6
         10027 |       6
         12613 |       6
         20859 |       6
         34239 |       6
         34747 |       6
         33941 |       6
         20714 |       6
         37168 |       6
         36182 |       6
         23267 |       6
          9867 |       6
         10021 |       6
         34374 |       6
         20817 |       6
         16714 |       6
         15812 |       6
         29394 |       6
         34535 |       6
         12603 |       6
         15834 |       6
         26682 |       6
         26402 |       6
         29522 |       6
          5785 |       6
         34360 |       6
          9789 |       6
         34390 |       6
         34953 |       6
         16713 |       6
          7559 |       6
         29476 |       6
         15908 |       6
         20878 |       6
          7838 |       6
         26611 |       6
         12315 |       6
         31614 |       6
         34692 |       6
         27572 |       6
         12639 |       6
         12431 |       6
         23194 |       6
         37045 |       6
         26828 |       6
         34185 |       6
          9990 |       6
         34264 |       6
         10023 |       6
          5676 |       6
         20532 |       6
          9802 |       6
         20724 |       6
         24776 |       6
         21971 |       6
         29641 |       6
         16175 |       6
         16217 |       6
          5761 |       6
         26944 |       6
         28998 |       6
         33440 |       6
         23269 |       6
         10012 |       6
         20822 |       6
         34640 |       6
         17236 |       6
         16108 |       6
         12486 |       6
         35258 |       6
         16076 |       6
         32656 |       6
         16065 |       6
          7810 |       6
         34501 |       6
         36685 |       6
         12426 |       6
         34244 |       6
         22047 |       6
          9781 |       6
          9882 |       6
         34427 |       6
          5915 |       6
          9774 |       6
         26651 |       6
         12571 |       6
         21028 |       6
         16230 |       6
         18419 |       6
         34400 |       6
         12685 |       6
          9970 |       6
         29369 |       6
         24734 |       6
          9871 |       6
         26568 |       6
         34591 |       6
         24101 |       6
         12520 |       6
         12878 |       6
         20917 |       6
          9701 |       6
         20807 |       6
         12523 |       6
         34602 |       6
         27304 |       6
         20789 |       6
          9694 |       6
         33325 |       6
         20740 |       6
         23779 |       6
         33437 |       6
         12578 |       6
         12610 |       6
         34357 |       6
         26393 |       6
          9910 |       6
         34172 |       6
         20559 |       6
         20579 |       6
         20998 |       6
         15810 |       6
         29990 |       6
         31680 |       6
         34307 |       6
         16160 |       6
         15792 |       6
         20984 |       6
         26514 |       6
         26935 |       6
         16228 |       6
         22400 |       6
         20673 |       6
          5963 |       6
         33356 |       6
         20991 |       6
         15799 |       6
          7552 |       6
         34762 |       6
         21727 |       6
         26922 |       6
         23863 |       6
         34641 |       6
         16241 |       6
         29478 |       6
         25931 |       6
         34732 |       6
          7600 |       6
         34628 |       6
         29167 |       6
         12637 |       6
          9887 |       6
         34435 |       6
         20631 |       6
         26446 |       6
         26447 |       6
         23821 |       6
         20561 |       6
         12360 |       6
         34361 |       6
         26715 |       6
         15089 |       6
         14323 |       6
         12202 |       6
          7691 |       6
         19752 |       6
         30476 |       6
         24517 |       6
         29396 |       6
         16032 |       6
         20614 |       6
         34624 |       6
         26932 |       6
         26774 |       6
         20676 |       6
         34664 |       6
         26697 |       6
         21972 |       6
         27302 |       6
         20979 |       6
         26831 |       6
         12573 |       6
         12397 |       6
         26451 |       6
         12349 |       6
         12420 |       6
         33018 |       6
         20732 |       6
         29377 |       6
         20654 |       6
         23480 |       6
         12370 |       6
         31550 |       6
         34321 |       6
         20855 |       6
         15982 |       6
         26466 |       6
         26679 |       6
          7601 |       6
         14088 |       6
          7851 |       6
         34734 |       6
         34779 |       6
         16144 |       6
         34618 |       6
         36233 |       6
         19142 |       6
          9838 |       6
         20535 |       6
         34532 |       6
         34255 |       6
         12318 |       6
         34440 |       6
         34421 |       6
         15915 |       6
          7631 |       6
          9689 |       6
         28514 |       6
          7741 |       6
         29102 |       6
         16007 |       6
          7653 |       6
         34367 |       6
         23644 |       6
         14556 |       6
         34630 |       6
         36717 |       6
         20510 |       6
         34475 |       6
          9909 |       6
          5743 |       6
         32030 |       6
          9933 |       6
         20813 |       6
         20763 |       6
         33064 |       6
         12706 |       6
         34179 |       6
         13687 |       6
         34687 |       5
         35153 |       5
         20873 |       5
         26610 |       5
         12454 |       5
         36468 |       5
          7720 |       5
         34673 |       5
         34955 |       5
         21209 |       5
         15980 |       5
         19956 |       5
         34517 |       5
         17964 |       5
         21840 |       5
         34334 |       5
         21007 |       5
         17646 |       5
          9843 |       5
         12554 |       5
         11701 |       5
         34623 |       5
         26613 |       5
         34756 |       5
         16074 |       5
         34721 |       5
         22401 |       5
         13353 |       5
         26398 |       5
         12417 |       5
         20781 |       5
          7782 |       5
         31089 |       5
          7764 |       5
          5758 |       5
         12563 |       5
         34718 |       5
         20760 |       5
          7580 |       5
         28088 |       5
          7701 |       5
         12439 |       5
         33355 |       5
          5945 |       5
         26861 |       5
          5809 |       5
         34540 |       5
         30168 |       5
         26848 |       5
          5948 |       5
         12553 |       5
         34216 |       5
         12163 |       5
         11093 |       5
         18505 |       5
         26936 |       5
         20986 |       5
         34795 |       5
         18371 |       5
          7661 |       5
         19954 |       5
         20976 |       5
         15854 |       5
         12703 |       5
         34378 |       5
          5663 |       5
         17603 |       5
         20537 |       5
         20060 |       5
         20971 |       5
         15816 |       5
          5955 |       5
         12346 |       5
         23809 |       5
         10090 |       5
         26646 |       5
         20525 |       5
         22777 |       5
         15887 |       5
         15985 |       5
         34636 |       5
         26907 |       5
          9965 |       5
         30735 |       5
         15992 |       5
          9775 |       5
         16016 |       5
         12406 |       5
         12716 |       5
         33129 |       5
         22126 |       5
         28142 |       5
         34521 |       5
         34820 |       5
         26425 |       5
         12456 |       5
         35152 |       5
         12645 |       5
         20557 |       5
         16721 |       5
          7533 |       5
          7831 |       5
         12449 |       5
         15936 |       5
         26669 |       5
          7689 |       5
          9799 |       5
          9712 |       5
         34720 |       5
         35318 |       5
          7795 |       5
         32654 |       5
         22244 |       5
         33128 |       5
         29977 |       5
          5687 |       5
         34799 |       5
          9738 |       5
          7731 |       5
         34513 |       5
         20623 |       5
         12416 |       5
         12754 |       5
          7624 |       5
         14434 |       5
          9747 |       5
         25856 |       5
         16012 |       5
         20688 |       5
         36719 |       5
         16180 |       5
          7596 |       5
          9707 |       5
         17880 |       5
         34672 |       5
         20883 |       5
         34810 |       5
          9920 |       5
         34180 |       5
         21739 |       5
         22792 |       5
         12690 |       5
          7804 |       5
         26690 |       5
         26942 |       5
         12524 |       5
         29976 |       5
         16236 |       5
         34520 |       5
          9876 |       5
         36519 |       5
         26201 |       5
         34496 |       5
         34419 |       5
         12568 |       5
         26775 |       5
          5666 |       5
         34221 |       5
          7522 |       5
         15984 |       5
         33803 |       5
         23777 |       5
         12600 |       5
         12487 |       5
         34545 |       5
         35268 |       5
         19695 |       5
          7778 |       5
         16018 |       5
          9826 |       5
         15922 |       5
         19240 |       5
         12490 |       5
         27299 |       5
         34329 |       5
         15311 |       5
          7736 |       5
         12432 |       5
         12655 |       5
         35475 |       5
          9730 |       5
          9771 |       5
          5702 |       5
          9851 |       5
         28511 |       5
         12506 |       5
         16027 |       5
         29817 |       5
         23808 |       5
         16025 |       5
         10037 |       5
         20797 |       5
         30090 |       5
         23626 |       5
         19613 |       5
          9676 |       5
         33324 |       5
          7789 |       5
         27193 |       5
         33361 |       5
         22895 |       5
          5921 |       5
         12853 |       5
         16520 |       5
          9780 |       5
          5920 |       5
         16037 |       5
          7633 |       5
         24901 |       5
         27918 |       5
         34426 |       5
          5706 |       5
          9835 |       5
         26688 |       5
          9986 |       5
          7836 |       5
         12666 |       5
         10026 |       5
          9891 |       5
          9900 |       5
         20913 |       5
         16038 |       5
         10470 |       5
         33211 |       5
          5912 |       5
         34371 |       5
          9751 |       5
         26966 |       5
         16061 |       5
          7714 |       5
         20803 |       5
         34242 |       5
         34768 |       5
          7890 |       5
         20513 |       5
         35066 |       5
         29395 |       5
         15896 |       5
         34422 |       5
         26867 |       5
         24388 |       5
         15994 |       5
         26580 |       5
         31011 |       5
          9831 |       5
         18403 |       5
          9711 |       5
         34227 |       5
         10001 |       5
         34645 |       5
          5725 |       5
         12721 |       5
         25151 |       5
         34581 |       5
         29308 |       5
         20517 |       5
         30933 |       5
          7547 |       5
          9721 |       5
         12338 |       5
         12717 |       5
         26492 |       5
         16014 |       5
         12534 |       5
         34291 |       5
         36234 |       5
         12367 |       5
         34339 |       5
         20951 |       5
         15889 |       5
         15946 |       5
         12590 |       5
         33353 |       5
          9833 |       5
          7571 |       5
          5721 |       5
         12562 |       5
         34248 |       5
          7545 |       5
         23026 |       5
         21005 |       5
         12601 |       5
         16042 |       5
         34277 |       5
          9816 |       5
         34478 |       5
         27171 |       5
          5852 |       5
         26913 |       5
          5674 |       5
         16145 |       5
          9883 |       5
          9954 |       5
         26881 |       5
         34543 |       5
         28999 |       5
         34451 |       5
          5798 |       5
         15850 |       5
         22781 |       5
         16176 |       5
         34429 |       5
         10022 |       5
         28373 |       5
          7729 |       5
         34607 |       5
         34568 |       5
         17826 |       5
         26405 |       5
         34464 |       5
         34218 |       5
         20668 |       5
         12423 |       5
          7786 |       5
         16344 |       5
         13910 |       5
         35962 |       5
         34774 |       5
         12585 |       5
         20578 |       5
          7743 |       5
         23429 |       5
         10046 |       5
         12681 |       5
         16077 |       5
         15932 |       5
         35317 |       5
         34455 |       5
          5782 |       5
         34724 |       5
         12513 |       5
         11400 |       5
         23131 |       5
         19750 |       5
         34204 |       5
         20739 |       5
         26909 |       5
         15831 |       5
          7636 |       5
         12618 |       5
          5823 |       5
         37715 |       5
         16067 |       5
         34625 |       5
          5683 |       5
         15885 |       5
          7800 |       5
         33320 |       5
         16087 |       5
         12412 |       5
         19209 |       5
         16029 |       5
         31368 |       5
         20342 |       5
         34465 |       5
         32492 |       5
         12522 |       4
         20827 |       4
         12322 |       4
         37433 |       4
          5906 |       4
          9914 |       4
         12509 |       4
         26723 |       4
         16114 |       4
          9934 |       4
         17017 |       4
         34433 |       4
         34226 |       4
         18066 |       4
          5969 |       4
         20987 |       4
         35141 |       4
         24327 |       4
         16980 |       4
         12451 |       4
         10018 |       4
          9796 |       4
         15894 |       4
         12709 |       4
         12607 |       4
         14737 |       4
         12541 |       4
         11407 |       4
         24178 |       4
         34613 |       4
         37826 |       4
         12500 |       4
         34604 |       4
         16068 |       4
         12711 |       4
          5935 |       4
         27303 |       4
          7684 |       4
         10260 |       4
          9905 |       4
          9902 |       4
         16024 |       4
         20748 |       4
         12425 |       4
          9700 |       4
         26420 |       4
         34355 |       4
         16079 |       4
          7646 |       4
         16165 |       4
          9908 |       4
         22208 |       4
         15909 |       4
         36790 |       4
          9834 |       4
          7592 |       4
         36887 |       4
         26644 |       4
         31871 |       4
         15835 |       4
         32303 |       4
         36788 |       4
         13812 |       4
          7549 |       4
         34529 |       4
         36365 |       4
         26785 |       4
          7680 |       4
         20149 |       4
          7698 |       4
         18262 |       4
          9942 |       4
         12369 |       4
         16216 |       4
         34222 |       4
          9761 |       4
          6401 |       4
         22961 |       4
         12477 |       4
         12469 |       4
         22933 |       4
         12545 |       4
         35139 |       4
         21973 |       4
         13857 |       4
         12538 |       4
         34776 |       4
          7847 |       4
         35961 |       4
         34798 |       4
         34632 |       4
         27168 |       4
          9800 |       4
          5962 |       4
         17882 |       4
         12407 |       4
         12552 |       4
         20957 |       4
         15801 |       4
         26779 |       4
          9935 |       4
          7644 |       4
         34448 |       4
          5768 |       4
         15848 |       4
         30720 |       4
         34646 |       4
          7828 |       4
         12442 |       4
          7843 |       4
         35011 |       4
         14042 |       4
         25918 |       4
         24103 |       4
          7582 |       4
         35269 |       4
          5724 |       4
          9872 |       4
          5767 |       4
         12380 |       4
         29130 |       4
         12632 |       4
         12350 |       4
          7630 |       4
         19467 |       4
         22048 |       4
         33190 |       4
         14374 |       4
          7695 |       4
          5734 |       4
         23624 |       4
          5659 |       4
          7685 |       4
         29195 |       4
         12471 |       4
          7703 |       4
         21499 |       4
         10179 |       4
          5770 |       4
         34806 |       4
         34182 |       4
         37713 |       4
         16015 |       4
          9915 |       4
         33323 |       4
          7854 |       4
         12457 |       4
          5967 |       4
         26954 |       4
         29820 |       4
         21000 |       4
         16208 |       4
          5858 |       4
         34469 |       4
         28910 |       4
          8070 |       4
         11300 |       4
         16663 |       4
         27498 |       4
          7709 |       4
          7529 |       4
          7595 |       4
         34323 |       4
         37009 |       4
          7536 |       4
         35310 |       4
          7787 |       4
         19845 |       4
          5697 |       4
         10045 |       4
         34220 |       4
          5783 |       4
         35010 |       4
         34738 |       4
         10031 |       4
         39164 |       4
         17237 |       4
          5705 |       4
         12567 |       4
         23822 |       4
         12415 |       4
         16229 |       4
         20787 |       4
         25201 |       4
         12441 |       4
         33354 |       4
          9979 |       4
         12723 |       4
         16355 |       4
         19880 |       4
          9966 |       4
         16560 |       4
          9793 |       4
         20990 |       4
          7607 |       4
         29081 |       4
         20997 |       4
          9767 |       4
          5946 |       4
         35084 |       4
         16894 |       4
         15948 |       4
          9829 |       4
         13576 |       4
          7832 |       4
         17258 |       4
          7540 |       4
         36715 |       4
         27927 |       4
         15892 |       4
         31753 |       4
         12491 |       4
          5756 |       4
         12722 |       4
          7762 |       4
         34555 |       4
          9989 |       4
         14095 |       4
          5816 |       4
         36457 |       4
         29104 |       4
         15981 |       4
          9759 |       4
         32505 |       4
          7857 |       4
         19754 |       4
          7662 |       4
         14591 |       4
         11832 |       4
         34300 |       4
         34439 |       4
         16209 |       4
         28841 |       4
         20992 |       4
         12498 |       4
          9856 |       4
         23503 |       4
         17331 |       4
         34755 |       4
          9673 |       4
         20616 |       4
         22778 |       4
         20636 |       4
         34203 |       4
         27916 |       4
          5778 |       4
          5709 |       4
         20880 |       4
         38508 |       4
         10487 |       4
         24180 |       4
         21023 |       4
          5716 |       4
          5665 |       4
         29392 |       4
         34689 |       4
          7512 |       4
         34557 |       4
         15080 |       4
          5696 |       4
         20900 |       4
         24484 |       4
         38586 |       4
         32496 |       4
          7628 |       4
          7585 |       4
         23605 |       4
         29588 |       4
         12657 |       4
         12564 |       4
          7556 |       4
         21022 |       4
         34790 |       4
          9917 |       4
         34583 |       4
          5736 |       4
         34548 |       4
         22780 |       4
         34616 |       4
          9719 |       4
         37355 |       4
         14720 |       4
         12840 |       4
         34627 |       4
          7718 |       4
          8849 |       4
         21009 |       4
         23625 |       4
         31532 |       4
          9850 |       4
         23505 |       4
         20596 |       4
         12447 |       4
          7688 |       4
         30242 |       4
          7823 |       4
         11700 |       4
         16676 |       4
         34594 |       4
          5773 |       4
         34470 |       4
         21280 |       4
         19008 |       4
          5934 |       4
         12919 |       4
          9745 |       4
         12644 |       4
         15809 |       4
         12917 |       4
         14024 |       4
         29814 |       4
         34815 |       4
         15910 |       4
         35145 |       4
          7827 |       4
         20339 |       4
         28123 |       4
         15930 |       4
         34651 |       4
         28840 |       4
         35768 |       4
          7724 |       4
         28144 |       4
         10044 |       4
          7683 |       4
         21617 |       4
         23271 |       4
         20916 |       4
         34819 |       4
          7663 |       4
         34767 |       4
         10050 |       4
         34792 |       4
         20764 |       4
         12484 |       4
          9875 |       4
          7546 |       4
          5789 |       4
          8537 |       4
          5882 |       4
         34708 |       4
         20543 |       4
         36793 |       4
         36456 |       4
         34780 |       4
         15833 |       4
         22130 |       4
          5750 |       4
         34224 |       4
         16796 |       3
          5694 |       3
         37717 |       3
         38270 |       3
         34759 |       3
         34679 |       3
         37164 |       3
         34551 |       3
          5892 |       3
          9819 |       3
          9571 |       3
          7602 |       3
         10011 |       3
         35992 |       3
          9714 |       3
         34235 |       3
         12696 |       3
         31524 |       3
          5958 |       3
         19032 |       3
         34481 |       3
         27842 |       3
         12474 |       3
          7657 |       3
         17484 |       3
         12693 |       3
          5727 |       3
         24853 |       3
         34595 |       3
         12791 |       3
         38267 |       3
         10039 |       3
         33359 |       3
         29132 |       3
         15321 |       3
          5943 |       3
         31779 |       3
          9766 |       3
         34454 |       3
          9918 |       3
         16137 |       3
         37716 |       3
         27402 |       3
         29233 |       3
         10995 |       3
         10052 |       3
          9750 |       3
         34660 |       3
         20825 |       3
          9973 |       3
          9898 |       3
          5820 |       3
         34406 |       3
         12606 |       3
         34301 |       3
         12376 |       3
         12437 |       3
         19239 |       3
          7561 |       3
         34785 |       3
         30594 |       3
         30952 |       3
         18330 |       3
          7551 |       3
         23481 |       3
          9733 |       3
          5950 |       3
         19957 |       3
         10024 |       3
          5869 |       3
         18604 |       3
          7772 |       3
          8281 |       3
         15021 |       3
          5811 |       3
          7704 |       3
          6088 |       3
          9682 |       3
         34322 |       3
          9847 |       3
         16116 |       3
          7594 |       3
         12428 |       3
         15081 |       3
         20651 |       3
         34736 |       3
         16019 |       3
         12665 |       3
          7568 |       3
          8492 |       3
          7730 |       3
         16117 |       3
          7681 |       3
          7803 |       3
         34522 |       3
         33577 |       3
         35115 |       3
          9949 |       3
          6377 |       3
         15905 |       3
         12327 |       3
         12178 |       3
         21100 |       3
         26551 |       3
         36458 |       3
          7716 |       3
          7808 |       3
         10049 |       3
          5893 |       3
          9786 |       3
         31502 |       3
         16109 |       3
         18410 |       3
         16703 |       3
         23836 |       3
         26854 |       3
         34511 |       3
          5742 |       3
         29753 |       3
         28363 |       3
         13688 |       3
         31630 |       3
         24960 |       3
         31978 |       3
         36691 |       3
         12557 |       3
         34368 |       3
         12636 |       3
          9709 |       3
         10253 |       3
         15997 |       3
          9723 |       3
         34793 |       3
         34783 |       3
         12494 |       3
         36677 |       3
         34466 |       3
         34412 |       3
         28887 |       3
          9811 |       3
         36898 |       3
         14087 |       3
         12398 |       3
         34414 |       3
         34398 |       3
          5667 |       3
         10000 |       3
         20720 |       3
         19511 |       3
         17569 |       3
         35960 |       3
         23837 |       3
          5853 |       3
         38363 |       3
         12326 |       3
          5680 |       3
         12539 |       3
          5919 |       3
         26486 |       3
         16828 |       3
         36656 |       3
         34661 |       3
         22085 |       3
          9894 |       3
         34749 |       3
         34276 |       3
         32959 |       3
         31109 |       3
         12342 |       3
         12720 |       3
         11083 |       3
         23970 |       3
          7721 |       3
         26055 |       3
         15667 |       3
          5870 |       3
         15610 |       3
          9912 |       3
         19893 |       3
         34807 |       3
         26399 |       3
         34840 |       3
         27358 |       3
         13839 |       3
          9874 |       3
         12713 |       3
         34325 |       3
         12532 |       3
         15993 |       3
         12499 |       3
         37171 |       3
         12467 |       3
          5791 |       3
          5807 |       3
         10749 |       3
          5908 |       3
         15829 |       3
         34647 |       3
         26426 |       3
         37441 |       3
          5765 |       3
         10994 |       3
         10036 |       3
          5914 |       3
          9805 |       3
         15056 |       3
          5730 |       3
          9904 |       3
         34510 |       3
         34499 |       3
         32667 |       3
         20727 |       3
          7528 |       3
         34223 |       3
         24100 |       3
          7784 |       3
          7604 |       3
         13758 |       3
         12540 |       3
          7621 |       3
         33125 |       3
          9688 |       3
          9769 |       3
         34383 |       3
          5775 |       3
         29368 |       3
         14790 |       3
          7830 |       3
         31474 |       3
         20920 |       3
         34245 |       3
          5930 |       3
          7674 |       3
         34808 |       3
          7617 |       3
         21397 |       3
          8098 |       3
         12507 |       3
         33332 |       3
          5741 |       3
          5720 |       3
         25160 |       3
          7707 |       3
          5746 |       3
         28522 |       3
         12366 |       3
         12918 |       3
         24348 |       3
          9832 |       3
         35151 |       3
         20839 |       3
         20744 |       3
          8689 |       3
          7677 |       3
         18167 |       3
          6928 |       3
          5801 |       3
         11667 |       3
         10721 |       3
         15860 |       3
          7850 |       3
         20918 |       3
         34380 |       3
          9697 |       3
         37358 |       3
         12623 |       3
         16981 |       3
         25933 |       3
         19074 |       3
         33187 |       3
          5813 |       3
         36349 |       3
          7758 |       3
          7686 |       3
         33017 |       3
         35311 |       3
         34577 |       3
         28521 |       3
         12688 |       3
         34480 |       3
         23835 |       3
         34678 |       3
          5669 |       3
         11379 |       3
         25738 |       3
          7754 |       3
          7586 |       3
          7104 |       3
          5938 |       3
          9984 |       3
         12331 |       3
         34299 |       3
         12710 |       3
          9798 |       3
          9729 |       3
         20531 |       3
         19602 |       3
         34393 |       3
         26058 |       3
         20519 |       3
         12528 |       3
          5886 |       3
          9572 |       3
         13304 |       3
          9997 |       3
          7608 |       3
         16581 |       3
         30243 |       3
         28710 |       3
         34214 |       3
         20340 |       3
         30669 |       3
          7523 |       3
         14627 |       3
         12531 |       3
         34719 |       3
         36521 |       3
          5698 |       3
         18992 |       3
         34249 |       3
          5917 |       3
          5825 |       3
         39466 |       3
          9823 |       3
         12511 |       3
         12365 |       3
         34335 |       3
         27834 |       3
         18754 |       3
         34471 |       3
          9814 |       3
          5723 |       3
         35767 |       3
         10367 |       3
         37575 |       3
         38546 |       2
         12581 |       2
          5806 |       2
         32943 |       2
         36792 |       2
         22669 |       2
         14968 |       2
         34802 |       2
         34527 |       2
         36674 |       2
         25528 |       2
         25003 |       2
          5860 |       2
         33248 |       2
          5685 |       2
          9863 |       2
         10366 |       2
         37360 |       2
         35257 |       2
         27817 |       2
          7622 |       2
         37162 |       2
          8568 |       2
         34629 |       2
         19966 |       2
          7824 |       2
          9939 |       2
          5847 |       2
         34349 |       2
         16211 |       2
         16343 |       2
         32960 |       2
          9971 |       2
         10020 |       2
         26202 |       2
         20816 |       2
          5661 |       2
          5660 |       2
         27759 |       2
         14895 |       2
         34428 |       2
         19599 |       2
         13751 |       2
          9724 |       2
          7979 |       2
         32131 |       2
          5658 |       2
         28131 |       2
         34654 |       2
         32590 |       2
         21968 |       2
         15018 |       2
          7710 |       2
         15609 |       2
          9720 |       2
         38268 |       2
          5732 |       2
         39217 |       2
         34771 |       2
         17329 |       2
         34212 |       2
         37718 |       2
         38507 |       2
          5841 |       2
         15828 |       2
         34546 |       2
         18704 |       2
         23623 |       2
          7687 |       2
          5833 |       2
         36722 |       2
         27377 |       2
          9897 |       2
          5655 |       2
         38368 |       2
          8343 |       2
         15951 |       2
         26068 |       2
         35572 |       2
          7715 |       2
         10047 |       2
          8404 |       2
         38955 |       2
          5910 |       2
          9777 |       2
         16366 |       2
          5671 |       2
         26963 |       2
          7693 |       2
         19358 |       2
         22026 |       2
          6993 |       2
          6344 |       2
         36499 |       2
          5715 |       2
         34612 |       2
         34358 |       2
          9788 |       2
          7525 |       2
         34782 |       2
          5909 |       2
         34524 |       2
          9859 |       2
         29111 |       2
         10259 |       2
         17822 |       2
         19927 |       2
         12419 |       2
         20939 |       2
         16172 |       2
         34686 |       2
         35083 |       2
         20585 |       2
          5881 |       2
         32836 |       2
         39138 |       2
          5821 |       2
          7079 |       2
          7557 |       2
         24461 |       2
         37202 |       2
         16607 |       2
         37317 |       2
          5883 |       2
          5836 |       2
          5749 |       2
          5788 |       2
         16102 |       2
         15265 |       2
          7599 |       2
          9762 |       2
          5925 |       2
         39623 |       2
         19578 |       2
         37259 |       2
         12488 |       2
         18377 |       2
         11150 |       2
         18943 |       2
         19696 |       2
         23174 |       2
         25620 |       2
         20935 |       2
          9760 |       2
         35325 |       2
          8876 |       2
         10041 |       2
          5707 |       2
         37953 |       2
         25617 |       2
         35989 |       2
          9790 |       2
          7656 |       2
         31248 |       2
          7702 |       2
         31678 |       2
         25491 |       2
          5700 |       2
         12521 |       2
         37165 |       2
         23483 |       2
         34332 |       2
          9686 |       2
          8960 |       2
         31632 |       2
         26529 |       2
          7625 |       2
          7673 |       2
          7541 |       2
          5728 |       2
         33872 |       2
          7788 |       2
         38589 |       2
          7747 |       2
          9776 |       2
         19881 |       2
          7845 |       2
         26801 |       2
         29610 |       2
          9944 |       2
          5956 |       2
         23694 |       2
         32961 |       2
         34531 |       2
         31597 |       2
         18903 |       2
         32642 |       2
          5771 |       2
         16083 |       2
         15397 |       2
         17825 |       2
         34447 |       2
         12575 |       2
         14748 |       2
         36354 |       2
         19743 |       2
          7515 |       2
          8097 |       2
         37440 |       2
          8069 |       2
         12725 |       2
          7807 |       2
          5879 |       2
         20534 |       2
         30914 |       2
         37200 |       2
         33578 |       2
          9804 |       2
         21257 |       2
          7620 |       2
          5850 |       2
          5668 |       2
         30737 |       2
          9765 |       2
          9852 |       2
         19190 |       2
          7840 |       2
         28387 |       2
          5954 |       2
          7649 |       2
          5652 |       2
         15243 |       2
         31110 |       2
         25448 |       2
          7699 |       2
         12515 |       2
          9716 |       2
         20759 |       2
         12565 |       2
         11983 |       2
         31979 |       2
          9855 |       2
         16855 |       2
         35370 |       2
          9945 |       2
         14592 |       2
          9995 |       2
          5832 |       2
         26397 |       2
          5922 |       2
          5711 |       2
         25919 |       2
         34494 |       1
         27258 |       1
          9854 |       1
          7534 |       1
         24389 |       1
         18166 |       1
         14043 |       1
          7188 |       1
         37362 |       1
         34839 |       1
         11571 |       1
         34992 |       1
          7623 |       1
         37024 |       1
         15454 |       1
         38956 |       1
         39123 |       1
         32632 |       1
         38365 |       1
         18185 |       1
         24719 |       1
         23337 |       1
         33556 |       1
          7737 |       1
          7667 |       1
         36417 |       1
          7618 |       1
         31339 |       1
          9356 |       1
         12672 |       1
          7790 |       1
          5880 |       1
          9903 |       1
         38549 |       1
          7734 |       1
          7189 |       1
         38277 |       1
         27500 |       1
         15266 |       1
         15686 |       1
         33020 |       1
         32132 |       1
         16765 |       1
         38720 |       1
         34209 |       1
         24852 |       1
          9337 |       1
          5759 |       1
         20293 |       1
          5951 |       1
         12108 |       1
          8491 |       1
         39326 |       1
          9860 |       1
         18582 |       1
         36350 |       1
         38123 |       1
          6229 |       1
          5863 |       1
          6173 |       1
          7781 |       1
         26641 |       1
         34392 |       1
         34677 |       1
         18529 |       1
          9683 |       1
          5812 |       1
         14044 |       1
          5848 |       1
          7570 |       1
         22642 |       1
         37714 |       1
         38260 |       1
         37036 |       1
         14130 |       1
         16058 |       1
         15772 |       1
          5941 |       1
          7554 |       1
         39415 |       1
          8765 |       1
         12927 |       1
          7852 |       1
          5679 |       1
          7150 |       1
         24116 |       1
         25876 |       1
          7518 |       1
         12529 |       1
         25932 |       1
         33800 |       1
         14967 |       1
          9950 |       1
         36351 |       1
          8937 |       1
         12642 |       1
         38953 |       1
          9857 |       1
          9708 |       1
         24516 |       1
          9968 |       1
         38262 |       1
          5817 |       1
         38545 |       1
          9752 |       1
         12472 |       1
          7558 |       1
         13683 |       1
         33810 |       1
         11427 |       1
          7659 |       1
         35148 |       1
         10029 |       1
          5923 |       1
         36891 |       1
         12098 |       1
         38954 |       1
          5834 |       1
         18605 |       1
         27410 |       1
         38951 |       1
         21580 |       1
          5867 |       1
         34188 |       1
          5657 |       1
         23273 |       1
          5779 |       1
          5968 |       1
         20371 |       1
         19191 |       1
         21933 |       1
         34463 |       1
         32766 |       1
         38124 |       1
          5649 |       1
         10657 |       1
          9187 |       1
         36885 |       1
         37767 |       1
          7635 |       1
          7692 |       1
          7735 |       1
          8991 |       1
          9075 |       1
          7613 |       1
          6548 |       1
         37712 |       1
          7725 |       1
         35369 |       1
         28766 |       1
          9693 |       1
         39566 |       1
         13340 |       1
         18852 |       1
         39275 |       1
          7587 |       1
          5889 |       1
         38947 |       1
         25556 |       1
         32432 |       1
         34352 |       1
          7833 |       1
          5887 |       1
          7650 |       1
         28781 |       1
          5675 |       1
         24720 |       1
          7770 |       1
          9754 |       1
         37201 |       1
          7853 |       1
         13672 |       1
          5772 |       1
         36679 |       1
          5866 |       1
          5737 |       1
         38369 |       1
         15672 |       1
         15927 |       1
         19916 |       1
          8436 |       1
         16583 |       1
         12141 |       1
          6230 |       1
          5739 |       1
         34377 |       1
         37011 |       1
         34350 |       1
